Substance,Macro-region,Sector,1990,1991,1992,1993,1994,1995,1996,1997,1998,1999,2000,2001,2002,2003,2004,2005,2006,2007,2008,2009,2010,2011,2012,2013,2014,2015,2016,2017,2018,2019,2020,2021,2022
GWP_100_AR5_CO2,Africa,Deforestation,1676.7133953,1676.7133953,1676.7133953,1676.7133953,1676.7133953,1676.7133953,1676.7133953,1676.7133953,1676.7133953,1676.7133953,1676.7133953,1699.8946005,1696.8262981,1706.3014757,1649.3726733,1649.4209037,1639.9105768,1646.2815917,1669.4968412,1676.5724769,1691.6142061,2095.5038798,2029.686059,2036.397256,2043.608301,1747.230324,1751.438946,1755.391066,1755.664972,1755.664972,1755.664972,1755.664972,1755.664972
GWP_100_AR5_CH4,Africa,Fires,374.24733301241,333.59415287201,329.21642474764,399.1803764508,342.05589828551,342.05589828551,368.67390253873,187.1692332309,363.89911189233,314.1613853329,425.70396601761,363.77191565536,297.78752786515,295.89884227094,292.62064980756,326.76494793925,285.00631879906,290.65222364054,308.57396812331,320.92751295493,300.85027842277,331.44140537824,312.06431798723,289.12040860401,229.06162245631,271.41074935191,293.528398949,276.09750772939,324.98148152445,284.10229228248,250.24527963023,231.3417940652,249.53588071179
GWP_100_AR5_CO2,Africa,Fires,125.89947402044,108.36267788012,122.6730404525,193.62309412874,124.39852623769,124.39852623769,138.62793970928,47.570906903019,125.65529369347,158.83925613667,273.56389316974,173.07228690602,163.18492337392,117.87454214959,118.7279222938,132.4119295046,139.84670583767,131.50078642526,176.07033870006,122.35535047988,206.30210374927,316.08930253949,225.6572649077,134.66321740628,88.52303064996,98.3530470704,105.09601193291,141.46731727391,88.38697279466,77.70492046194,147.93751018694,244.12248555948,178.42601158519
GWP_100_AR5_N2O,Africa,Fires,117.80662216531,111.63752471303,117.52787019978,123.42330306009,110.95267315423,110.95267315423,126.43362639725,63.856813989458,120.65380585047,113.18348827392,137.71255255432,119.45690373898,87.917329097521,103.01730318093,93.402569746233,111.2140972131,98.210203491954,101.68595839063,104.45474150608,91.440883893379,101.46436022979,104.51849486554,97.823499497194,93.753969008544,85.411081887225,90.114447747984,99.33494220207,87.478348232422,85.160903265683,76.634617820966,88.192805926883,89.767992621303,89.856337034209
GWP_100_AR5_CO2,Africa,Forest Land,-2311.0357358781,-2271.7916307462,-2175.0600978306,-2071.792272655,-1962.6071114428,-1860.5159547606,-1811.6045879458,-1763.1471348096,-1727.6369586723,-1681.4573446491,-1605.0431237314,-1548.9631737572,-1510.1627674951,-1448.5686471525,-1422.3326020897,-1342.5963279297,-1274.3469910319,-1234.991334211,-1267.7841138207,-1239.5208809204,-1187.5678230165,-1133.8238298598,-1096.6424048499,-1049.361648905,-998.85786508691,-941.17731283972,-935.57379790155,-894.48437847612,-854.22936543049,-833.96764500188,-786.2154951172,-740.68651502413,-700.19639424066
GWP_100_AR5_CO2,Africa,Other Land,49.58253,48.56223,47.40293,46.37363,45.32633,44.26203,43.17973,42.08043,40.96313,39.82883,38.37253,37.94623,39.26903,38.10613,37.17343,37.80002,36.79192,36.82592,36.84942,37.94142,37.89752,38.54636,38.65317,36.61493,34.60501,35.00044,35.25614,34.87894,34.87894,34.87894,34.87894,34.87894,34.87894
GWP_100_AR5_CO2,Asia-Pacific Developed,Deforestation,177.08907186008,163.55334134746,120.58172362895,105.27110847952,92.647893726941,82.308427386924,77.43534344219,76.954203433932,75.327450345454,85.580231524357,84.627266643995,98.806352418322,93.610935872617,87.797477875893,88.761566500471,108.76413969722,109.7305012964,115.54860739186,80.815288437849,70.158847741773,75.003275960385,61.080929038718,56.478727555993,62.669863401215,63.496011270596,52.816537880135,52.679373963486,50.699538337499,53.893549185198,39.23191490035,43.092932370073,42.745176074507,42.745176074507
GWP_100_AR5_CH4,Asia-Pacific Developed,Fires,27.12631517636,30.222795062392,35.120678707897,43.596009071988,28.561818157375,28.561818157375,25.309289175089,12.344580770699,29.932083740963,30.76125215828,40.117722594941,49.477787973022,59.017264077113,25.053820037904,37.317249298477,14.316839234187,41.462802547001,34.774704586457,17.515652040538,24.572378857819,9.9519874563908,63.172797660748,62.526444243264,19.303098129547,30.458902606048,27.48233315441,14.69743702103,34.719454891644,34.655008721587,41.729708176448,19.871845496526,14.671117312121,16.440625441169
GWP_100_AR5_CO2,Asia-Pacific Developed,Fires,312.08240506355,354.05619723096,419.2249029859,756.19126203134,386.5183377283,386.5183377283,241.85721532066,143.90849579813,381.22440643244,466.6358264011,699.80525373491,790.19979751507,1122.3675135356,285.33550777758,579.25369613652,139.55586332362,678.6779876913,588.12108346191,229.93442245578,268.69651221172,129.15091415085,1257.9601519254,1161.2098660255,256.62023031569,470.60667133166,457.23626130223,170.71056008484,671.31247423252,571.45875982132,510.04516945412,219.08794672564,195.6864648923,250.17001984397
GWP_100_AR5_N2O,Asia-Pacific Developed,Fires,18.690850164381,19.747989097659,24.191735392656,33.508583772252,21.070134854705,21.070134854705,18.457407697428,8.3808606705746,21.455149682437,24.420151112366,31.034150415775,40.728500112291,48.76120321591,18.116904339719,31.827054368824,11.864366840468,33.465740400895,29.088678158571,14.898252263074,19.476771318337,8.3811633955848,53.930379855,52.942953203063,15.156667594635,25.146450946757,23.082421569213,11.654581079841,29.337533774707,28.714803133985,27.117910473469,12.708533506087,12.425053768062,14.009399697056
GWP_100_AR5_CO2,Asia-Pacific Developed,Forest Land,-493.19985783519,-494.36653731144,-494.42772938375,-493.74629295989,-492.25373979488,-487.7491041016,-489.57076500385,-485.20830227589,-487.93906746296,-481.7868735395,-471.95821060164,-472.21124685107,-473.23114519922,-473.78796409151,-474.76864401193,-475.15843427424,-471.37841566377,-467.83604876665,-474.79368277465,-479.83584926119,-470.9702848898,-462.68133326655,-465.36228816435,-458.61916122858,-453.04960211476,-447.64714445098,-437.50598455576,-415.32926166726,-411.03329171564,-410.38426135781,-415.57713065396,-417.76260556627,-417.36242791015
GWP_100_AR5_CO2,Asia-Pacific Developed,Organic Soil,3.3484042695355,3.3484042695355,3.3484042695355,3.3484042695355,3.3484042695355,3.3484042695355,3.3484042695355,3.3484042695355,3.3484042695355,3.3484042695355,3.3484042695355,3.3688798444508,3.1580852360149,3.1223707469792,3.2711863433887,3.1928383911057,3.3181814320448,3.1701600998156,3.2533335078951,3.2405262692609,3.3929643933141,3.582205220145,3.2779701200888,3.1260443184243,3.2591174313954,3.0706775478238,3.061879566188,3.3059294968662,3.2032471779859,3.0402548032979,3.1222771885779,3.1222771885779,3.1222771885779
GWP_100_AR5_CO2,Asia-Pacific Developed,Other Land,20.728933952663,11.967332116444,-9.4289656796175,-15.152700195265,-7.5747194631951,-24.440320062002,-18.073049957938,-15.425166030654,-27.393681905747,-32.446032155616,-25.673968987037,-28.967717531385,-34.528712357542,-20.07877933429,-20.513577601733,-10.827434108658,-1.6095994481604,8.8816024034095,12.415362139363,26.992825958191,12.317759688318,20.190146641175,14.758274928663,1.4881867639292,-1.4847054973067,-9.7986253325005,-29.163522536001,-41.656930933157,-45.996808668293,-48.672106120574,-45.426054999469,-48.556039754426,-48.556039754426
GWP_100_AR5_CO2,Eastern Asia,Deforestation,3.5663142990327,3.5663142990327,3.5663142990327,3.5663142990327,3.5663142990327,3.5663142990327,3.5663142990327,3.5663142990327,3.5663142990327,3.5663142990327,3.5663142990327,3.5663142990327,3.5663142990327,3.5663142990327,3.5663142990327,3.5663142990327,3.6376514392262,3.7089885794196,3.7803257196131,3.8516628598065,3.923,4.1505,4.378,4.6055,4.833,4.833,4.833,4.833,4.833,4.833,4.833,4.833,4.833
GWP_100_AR5_CH4,Eastern Asia,Fires,12.815449541142,12.448601038457,18.483473425491,15.899090056269,11.25551714795,11.25551714795,7.7530252695584,2.784301262289,12.519025182025,9.880413923482,15.013039683933,4.8528747943371,0.96981977018668,2.943327140054,2.4154680322503,1.1746452606056,1.080799266456,1.5407107067332,3.5657239893478,1.8038387425724,1.1340640599753,1.4373794335356,1.1075132362974,0.90971217795724,1.9045398743378,1.3214172065055,0.97870475464804,0.70158837567476,0.88006438978472,1.0087677396443,0.75777842103488,0.56458750230204,0.6293724454234
GWP_100_AR5_CO2,Eastern Asia,Fires,141.13527530094,138.69179354983,191.50868996557,145.78056972368,118.61550522848,118.61550522848,74.988898078894,25.620026603638,128.48167842108,104.86805146052,153.22438581968,54.518181190981,7.25010014247,26.34519528767,16.19811050028,8.79379822781,6.85553613306,8.39731974051,31.45066608493,16.84197543092,10.89384736505,9.83486093276,6.11773109077,7.38062579586,16.32438280128,8.26550739086,7.79944557836,6.0456574712,10.1598787549,9.46788708041,8.29705081052,5.59848422383,5.00649753498
GWP_100_AR5_N2O,Eastern Asia,Fires,6.9204326063415,6.8076951139159,9.5692656107871,7.9413083461211,5.9276415051844,5.9276415051844,4.0423038523195,1.5431298059495,6.5602383550521,5.108332103263,7.9823346472163,2.662628076116,0.6084080703832,1.7596937189237,1.2932754846699,0.73150585155999,0.66190950704205,0.93331396680649,1.8497027430487,0.99272046565769,0.67110158190857,0.93173115881534,0.78602751869285,0.59161763814754,1.090974269721,0.87385982378762,0.63551581750519,0.40400244463142,0.47885766631923,0.57242754721958,0.41850602386317,0.30662135331456,0.35922790803054
GWP_100_AR5_CO2,Eastern Asia,Forest Land,-616.38785981651,-625.38160330361,-630.58700047185,-643.36637700188,-654.31996942431,-645.87247780012,-653.35771576956,-660.74941235866,-673.69225263361,-681.67719747148,-693.22120349048,-702.16554645652,-705.14160510765,-712.18634922257,-721.25049776328,-728.60516619811,-719.6315802221,-673.24067188778,-634.16553302429,-597.62899550836,-593.38266468424,-599.1769671873,-590.55999902913,-597.64024807689,-668.78772995961,-660.30381854715,-620.66971537499,-602.91790347996,-595.39274902188,-603.81440975798,-606.77753020008,-220.36545429949,-298.59011759744
GWP_100_AR5_CO2,Eastern Asia,Other Land,201.97612177213,201.97612177213,201.97612177213,201.97612177213,201.97612177213,135.97612177213,69.976121772132,3.9761217721321,-62.023878227868,-128.02387822787,-194.02387822787,-193.92050822787,-193.77480822787,-193.66693822787,-193.59955822787,-193.41141822787,-204.08478058229,-214.81629293672,-225.61728529115,-236.49099764557,-247.49684,-262.75132,-278.7238,-294.15843,-309.49942,-309.96781,-310.05356,-310.05356,-310.05356,-310.05356,-310.05356,-310.05356,-310.05356
GWP_100_AR5_CO2,Eurasia,Deforestation,15.973761335951,13.405228541399,12.955570402283,12.708088484322,9.8211147159654,11.061933882402,9.3721941487642,8.064850372084,7.9431177456458,8.4240239540969,8.3224851151483,7.3601653883581,8.3156389189942,8.4147645175298,9.1135213837429,9.4768072078362,10.258882946872,10.992044597816,10.299470932272,13.734451166027,9.8472207362208,12.674452838496,11.579682359384,10.643886022078,6.8995259283086,15.086188242566,4.962790046407,5.4227749548926,3.6942349354143,13.135678849815,2.9337108405171,18.398116888753,18.398116888753
GWP_100_AR5_CH4,Eurasia,Fires,34.760907668129,36.835642172094,33.3604330256,21.271970943442,48.019071974738,48.019071974738,43.923822508864,27.558242233061,18.112481698174,35.447905105742,41.960155575337,13.922835743054,39.015196377983,69.021808285075,30.407822939365,40.339187433013,32.301224586394,22.284257018436,82.756428366409,32.705220902232,37.139242903241,28.921799161096,54.768142328702,29.843181850012,41.247186266809,18.157999054075,38.469751906258,20.344439688651,57.454233220905,34.833176206966,27.25319214479,34.137511532109,15.87273800481
GWP_100_AR5_CO2,Eurasia,Fires,413.94288492627,438.05022784752,391.46892326605,258.24956302276,589.50450482465,589.50450482465,535.40115694955,348.27324276957,194.71248310651,428.45823090671,506.39399661095,156.1993054672,172.25798622259,362.93089283022,170.07692929064,144.99926079666,160.25457942911,98.20398667402,354.03178936902,149.37448568191,193.52593683657,175.44940237152,280.21242348724,129.91659171184,260.62220330516,97.85664073795,203.1271563243,109.49685879684,254.17405711134,196.55825374013,152.33917339732,188.25058532479,90.21472391563
GWP_100_AR5_N2O,Eurasia,Fires,18.674794210767,19.841742845016,18.505551955303,11.820935394532,26.152734379798,26.152734379798,23.667619636629,15.36743159191,10.553706858534,19.897645916094,23.330267430429,8.1614492452112,10.359469601793,12.906589193864,8.9064763689652,6.4449322836559,8.838534895024,5.0394658518897,11.173280176066,5.2661220781313,8.7212452137307,6.7118731390146,9.4286128993521,3.2377807433541,10.613456551816,5.2710906775636,6.4508522024995,7.0888865711833,7.0855075060514,8.1386678580442,5.351381336217,6.5949514717589,3.404414751195
GWP_100_AR5_CO2,Eurasia,Forest Land,-1796.7723547663,-1793.8492442746,-1792.0648445319,-1920.0949505545,-2065.0620517895,-2057.2314928199,-2085.1469446512,-1996.2347027255,-2042.4142702899,-1990.5644196663,-1961.5670272549,-1946.9876900082,-1944.231920414,-1923.7206585801,-1912.5392475492,-1904.8086840509,-1888.9255471054,-1856.2630594351,-1993.3939033102,-2002.7008156077,-1948.4281196013,-1912.6073488639,-1892.838303925,-1894.6241387644,-1867.1493725403,-1860.6387355786,-1853.9399439567,-1851.9345262433,-1776.3131108787,-1805.2774834825,-1804.3068776463,-1805.3844148805,-1801.7622165305
GWP_100_AR5_CO2,Eurasia,Organic Soil,148.49039675632,148.49039675632,148.49039675632,148.49039675632,148.49039675632,148.49039675632,148.49039675632,148.49039675632,148.49039675632,148.49039675632,148.49039675632,146.96717969098,145.44270874141,143.87881168357,142.60722258912,141.29151907233,139.96536189182,139.17066539505,136.18900239094,134.88318210104,135.2016805612,133.92817146885,133.9621022579,133.42194846138,133.49161941436,133.52998482214,132.79682613534,132.70329940147,133.44132129497,133.3984889528,133.3984889528,133.3984889528,133.3984889528
GWP_100_AR5_CO2,Eurasia,Other Land,-32.648051969797,11.871787281873,6.9187247986435,-9.8594437583338,-46.533332050986,-70.084390492936,-95.234956575864,-108.53294731463,-120.74261379358,-143.62163409763,-135.22268813214,-147.1357401505,-161.47782588515,-148.64853250143,-130.2247370597,-131.21728296483,-110.7336188207,-147.19296288961,-194.90495303081,-174.54576333749,-205.31776310825,-204.81091179078,-219.28399541908,-190.96035001276,-245.70160184799,-185.73267025349,-217.76458516303,-214.20796521076,-215.26659943819,-203.31786467664,-202.37849591356,-171.38851287851,-171.38851287851
GWP_100_AR5_CO2,Europe,Deforestation,30.718921812209,30.827172149879,30.891632589581,32.244222163421,31.519662411734,31.904702847333,34.309493160067,35.756590168428,38.802239494288,37.066891875615,36.673978106226,39.061236025867,40.314207346499,41.242659460623,43.248326325667,43.532962108416,45.521908249939,47.303048669236,46.901685792665,46.630346089007,47.171920302857,47.535024712906,48.016365306892,51.453501680609,45.670285477959,48.739577028501,49.426478353671,43.519639555682,42.163861811232,41.939695203432,39.527381554266,39.00035978296,39.00035978296
GWP_100_AR5_CH4,Europe,Fires,5.3656618362476,3.0332742615211,2.2333742436504,1.5258728744437,3.4550539086833,3.4550539086833,3.7516822060164,1.191875129404,5.2361648964158,2.0364787783239,4.2541918178785,4.3202964599408,1.7005986961286,2.2388028140862,0.46844044661064,1.249055549975,0.72310095506124,1.4390469848129,0.45904125495648,0.7093053698598,0.69119892263296,1.2991138094732,2.320545831175,0.49760202416624,1.117415658275,2.3143741043489,0.6049661672208,1.9956746919964,0.61693587093964,1.9637518702693,1.7785406954468,0.97562746820476,1.9156207253397
GWP_100_AR5_CO2,Europe,Fires,44.203892202298,28.324495474219,22.638816299219,15.537169380659,34.009135894148,34.009135894148,37.264981610553,7.931139715103,50.765532118868,20.342172396825,40.730683432135,37.144435953203,6.20100517157,15.00173083645,2.92410263196,12.61021623748,6.39293560424,9.51381533122,2.88427246812,5.62186988282,5.16366975493,6.55573405317,12.04614956757,4.58514980479,7.6082464519,10.79642843923,5.12077078834,20.93092979176,4.77424078166,9.53159899596,11.58328899873,9.77325841283,13.10309212779
GWP_100_AR5_N2O,Europe,Fires,1.7755229527635,1.2008369675505,1.0148045070004,0.68943705617637,1.4979957108912,1.4979957108912,1.631113423867,0.31058213624554,2.1918302972058,0.91806637730174,1.7825777628251,1.5631293162023,0.14497774118806,0.57324512099998,0.13407795660939,0.54858979937347,0.2905746320355,0.40691576884985,0.16145671086852,0.25559519129681,0.2246826855506,0.23510571342392,0.41328969618721,0.20261090038127,0.30678167786672,0.3332933692345,0.2377766653288,0.91733566577833,0.1988931150777,0.29182881888735,0.43625347306368,0.44077976126707,0.50102531301204
GWP_100_AR5_CO2,Europe,Forest Land,-613.19044457596,-735.90528269558,-729.07901618868,-738.88746721632,-693.72409231555,-654.69997643839,-674.95102916706,-635.80141924496,-632.86808823367,-615.96848484691,-544.08457392186,-594.97215439062,-582.35215911508,-550.08213092351,-528.26557563619,-475.40809405303,-512.44492619582,-445.38806306534,-517.93173915781,-595.95021676124,-487.5530200429,-478.22143124584,-479.22752281579,-466.8631510605,-460.39668171802,-444.1711639212,-428.21726542678,-420.47060651865,-356.91900689585,-353.84236668034,-383.81212157775,-337.62584904874,-328.47071189916
GWP_100_AR5_CO2,Europe,Organic Soil,120.31753149487,120.31753149487,120.31753149487,120.31753149487,120.31753149487,120.31753149487,120.31753149487,120.31753149487,120.31753149487,120.31753149487,120.31753149487,120.59479254442,120.43183593932,120.01421797112,119.03257903129,119.41156632373,120.54908294317,119.92816561685,119.87492969547,119.78993435681,119.22412754729,119.36090599645,119.62470110329,119.18527740951,119.51204910132,119.47007385531,120.02283576088,120.10719458661,120.03649534556,120.4038630414,120.39778783527,120.39778783527,120.39778783527
GWP_100_AR5_CO2,Europe,Other Land,-43.529863611762,-45.781450726844,-43.364040033346,-52.908932674486,-61.267375777535,-73.715175708053,-69.696915867208,-67.900854662001,-74.035877219661,-150.2663538862,-73.448460130848,-78.488536011804,-79.043595178028,-101.24481712927,-113.8252865669,-116.1751045333,-129.33034039357,-124.88094149582,-74.766296332891,-77.167078583449,-102.16818104979,-88.558513691839,-90.709397649897,-73.290543432707,-76.518522984636,-100.72784068797,-103.28107423949,-105.84771280528,-99.468371227269,-110.54191919625,-123.06531766791,-133.1614360436,-133.1614360436
GWP_100_AR5_CO2,Latin America and Caribbean,Deforestation,1476.2004151644,1329.2324151644,1488.5204151644,1544.6294151644,1539.5674151644,2524.3203455266,1891.0692758888,1607.983206251,1846.3720841675,1839.227962084,1891.581271,1834.31915,2039.653188,3050.334755,3230.690769,2312.215498,1994.610466,1737.246707,1813.640296,1258.920786,1194.202422,1208.117306,1129.899275,1293.752693,1095.679627,1189.42084361,1223.5525073,1235.14575105,1236.43296346,1238.66201746,1238.66301746,1238.66301746,1238.66301746
GWP_100_AR5_CH4,Latin America and Caribbean,Fires,58.779588213829,83.875011745282,89.386559053,173.45753067229,76.033206801701,76.033206801701,77.755008852766,45.426624009455,77.755877360812,93.921728454796,150.76297456708,66.408865371402,60.151596032856,77.903414385968,78.695685438165,80.412762907101,58.935340906808,98.196677063478,45.540551264265,34.478235300971,115.74997220531,34.165952383381,45.327872244928,35.164427123527,30.883405223153,51.341025783377,61.241312491071,50.904003510762,28.106794049553,76.069713987484,83.876025423567,48.74832037648,65.933806995132
GWP_100_AR5_CO2,Latin America and Caribbean,Fires,78.700385720563,72.185958244444,58.076070616325,50.747941399392,96.508602648745,96.508602648745,82.620758406831,53.687547125095,58.443008996949,81.239058668277,42.831619734298,60.724053653945,24.15990471687,26.93150704122,12.2298007836,17.45970395639,14.80491183921,9.64611981939,22.40984395675,16.02338817678,8.11350793861,20.66603291181,12.48558315857,10.7003296901,8.41528397449,17.20104839915,18.76747005052,45.49202794139,16.05959605317,17.27488924203,25.26147394839,15.03630581195,22.29306896961
GWP_100_AR5_N2O,Latin America and Caribbean,Fires,19.394822378411,27.088862685355,27.81264193946,49.845128151745,25.546721500553,25.546721500553,26.934398561463,13.91510084288,23.703669700075,28.442305884745,43.619006948604,22.788597017388,24.308355674428,24.517679272979,27.863084472959,28.790822062813,18.159759360641,36.12745766395,17.217483484336,10.883876686677,37.914931717392,15.032748152633,18.524354185816,11.413817332969,12.4435513606,18.016011780983,17.445358492771,21.644477113193,11.566779075728,24.708506059747,29.244012663329,18.989162545594,21.010539803981
GWP_100_AR5_CO2,Latin America and Caribbean,Forest Land,-2200.3294528327,-2135.5039257494,-2220.4329602288,-2134.1773090817,-2107.4174015401,-2049.7413042426,-2010.7162614645,-1964.0908115509,-1907.230475384,-1833.5654473982,-1872.4250936319,-1818.6211822397,-1703.4335858102,-1716.5650132492,-1664.0085810298,-1677.8492777974,-1626.3161323891,-1642.0431246033,-1840.0456444022,-1791.6028357406,-1685.529035235,-1600.8308842734,-1612.4112213763,-1602.9931870305,-1656.1014890299,-1568.6591939398,-1612.3403287045,-1549.4864421639,-1616.6244636958,-1633.0247985565,-1631.3756317554,-1630.189432996,-1666.3455652605
GWP_100_AR5_CO2,Latin America and Caribbean,Other Land,-29.564693663026,-34.406506663026,-33.346319663026,-31.824132663026,-34.579945663026,-19.536619836583,-26.047294010141,-36.323968183698,-37.055654367905,-41.294340552111,-43.535594,-38.546627333333,-28.369353666667,-3.8574999999998,-8.0731243333335,-37.114248666667,-42.892189,-47.555052333333,-44.703231666667,-36.766984,-49.595225,-36.528094,-43.065365,-38.096110333333,-41.557753666667,-51.518949,-57.546411,-77.692773,-74.612668,-77.423215,-77.423215,-77.423215,-77.423215
GWP_100_AR5_CO2,Middle East,Deforestation,99.69173,99.69173,99.69173,99.69173,99.69173,99.69173,99.69173,99.69173,99.69173,99.69173,99.69173,99.69173,99.69173,99.69173,99.69173,99.69173,99.69173,99.69173,99.69173,99.69173,99.69173,99.69173,99.69173,99.69173,99.69173,99.69173,99.69173,99.69173,99.69173,99.69173,99.69173,99.69173,99.69173
GWP_100_AR5_CH4,Middle East,Fires,0.17345869307681,0.32876581506682,0.10945371989167,0.11464418024883,0.34834244205353,0.34834244205353,0.49635294524378,0.10442170541123,0.4802219127415,0.27736444460817,0.25194213070119,0.26777865931078,0.07483231282212,0.04833761443028,0.06145638582468,0.062469914465,0.04803224212612,0.07499003929312,0.04231667677748,0.03578886176936,0.17648460486552,0.05983668017964,0.04798826412352,0.04372444352276,0.07027481095768,0.0802012545544,0.09692057578224,0.06170887832676,0.05269270272728,0.94476036264596,0.3068346961624,0.07707937144068,0.03278782416868
GWP_100_AR5_CO2,Middle East,Fires,2.5619701245828,5.4664921320193,1.7727763869376,2.2435084395747,4.9196051292033,4.9196051292033,7.0721494024844,1.6699528896198,6.8927261359694,4.3825743684721,3.2986897008653,3.9093612177929,0.9628330882,0.64218302943,0.84342029326,0.97533863612,0.74290900291,0.88235063745,0.21463867351,0.20823833291,1.5885077156,1.06338082233,0.38880469633,0.60408926578,1.12315810163,0.77050649742,1.25996456614,0.95048549323,0.4711608646,21.11436877126,3.89363498602,1.02484170183,0.33019562009
GWP_100_AR5_N2O,Middle East,Fires,0.1216064089973,0.23988230500769,0.07810445030636,0.097368857636377,0.22273908466964,0.22273908466964,0.32215388318952,0.07408697135884,0.30771794286409,0.1983324660733,0.16640059056041,0.18578685890666,0.0646648782154,0.04177000358083,0.04947975373442,0.053448771102635,0.04150612209813,0.06198879068737,0.03647014953064,0.0309262443267,0.12685483550641,0.051027844408155,0.028833934819325,0.0373957072142,0.060726602419165,0.068625493356875,0.08307316694366,0.050463646097735,0.04485451661949,0.81597571807971,0.26084170771897,0.062000139019545,0.02450229568263
GWP_100_AR5_CO2,Middle East,Forest Land,-11.825287187527,-10.913649759507,-10.830407036394,-10.440058063799,-10.277193405974,-10.037878679724,-10.044926592102,-9.4715921556604,-9.7058533308167,-9.7976914242277,-9.6947317359732,-9.7117359405054,-10.389590032354,-9.8386442130655,-9.8561044469978,-9.7824552333251,-9.5858648094326,-9.3047058784949,-9.0611705344665,-8.9449252894181,-9.0208762094367,-8.935939290655,-8.6308289783989,-8.4748995057163,-8.3577358459627,-8.7650046248729,-8.9848376486386,-8.8363519448927,-8.7190167088513,-8.5768665062002,-8.9024103629308,-8.9015769741194,-8.3116714123231
GWP_100_AR5_CO2,Middle East,Other Land,-0.95513,-0.95513,-0.95513,-0.95513,-0.95513,-0.95513,-0.95513,-0.95513,-0.95513,-0.95513,-0.95513,-1.16271,-1.16261,-1.08487,-1.1113,-1.02542,-1.03642,-1.11845,-0.97609,-0.95382,-0.95214,-0.86196,-0.7844,-1.03707,-1.1193,-1.11766,-1.15199,-1.17058,-1.16812,-1.16812,-1.16812,-1.16812,-1.16812
GWP_100_AR5_CO2,North America,Deforestation,131.30499069966,131.35898458667,131.42055965133,131.34939060092,131.38685414475,131.38823545343,131.40520097342,131.45728520219,131.59086695395,131.68595431326,131.90670878828,132.11116975211,132.27363293154,132.57015807804,132.81445763224,133.14153299392,133.47893006168,133.80833937328,134.06894485478,134.26414150144,134.4663953799,134.80180479638,135.13808026012,135.60625816488,136.18220774755,136.55593113303,136.84216783021,137.03848536199,137.06538683047,137.05753850465,137.07999698279,139.11285176457,139.11285176457
GWP_100_AR5_CH4,North America,Fires,34.976475018945,36.350020418611,24.173666204407,29.690619583947,58.423766606359,58.423766606359,20.873530848988,15.516014676794,74.317221585297,33.034000734178,30.517556835176,18.609476445259,31.585350347532,32.548222953111,19.380730253635,20.668814395989,20.193873711554,50.548686193831,12.882656047146,10.83027882819,13.02460363689,41.140855274317,29.099217180054,36.360255520252,27.369812140635,32.548028078898,20.842173629006,29.831543618437,18.604117327545,19.223729129466,11.798286017785,40.187808966941,17.98617912267
GWP_100_AR5_CO2,North America,Fires,195.11667186498,210.30168755018,126.66055588002,149.29487947812,285.80428894352,285.80428894352,126.93761751504,84.464517716975,327.83010793934,135.30453291351,149.15985999246,89.978119158588,79.08091642726,100.86723609582,72.1329305007,74.9698627851,47.89649616016,62.02040806861,47.10981976441,33.39052904706,44.83086800885,58.61221626824,78.88582859963,115.78768026174,77.31921754751,136.8229339961,59.36951705867,92.58695853969,105.42846516265,72.71783104441,89.35018209939,178.67508794483,70.16766532966
GWP_100_AR5_N2O,North America,Fires,7.6952434645199,8.1742985615617,5.4459538724593,6.1363797251099,8.9913642670297,8.9913642670297,5.4073695779195,3.6351169705188,9.8173451835296,6.4886838044706,6.9246025318548,3.5838247950409,1.9908262820678,2.3288490776895,2.5085594734751,2.3155891680539,2.301906026142,2.2779109269308,2.1315168108415,1.6053724769881,1.9731913905883,2.6428591231541,2.327619448999,2.6328826846935,2.3368395071195,4.1578091111818,1.6593710865269,3.7268779586614,4.5504189322551,2.2825459450786,4.3220263333112,5.5309616542179,2.6140323632044
GWP_100_AR5_CO2,North America,Forest Land,-1551.4165002134,-1586.4891087355,-1584.0799603558,-1596.858101098,-1578.1621244105,-1574.0090715049,-1590.2297865378,-1582.3577927143,-1593.9503354302,-1563.9498930582,-1556.9599331564,-1636.785397041,-1620.8250913829,-1658.6023827892,-1582.5850107397,-1582.7090103279,-1642.5590199874,-1746.1488101538,-1981.5505055276,-2127.3441265197,-1982.121356698,-1924.1411317175,-1935.9516040826,-1905.2348171538,-1896.3418581829,-1891.7378651483,-1925.0874153215,-1914.2497320501,-1848.4626638116,-1867.1668577132,-1930.1602619742,-1878.4057799677,-1909.5019598606
GWP_100_AR5_CO2,North America,Organic Soil,40.045890074108,40.045890074108,40.045890074108,40.045890074108,40.045890074108,40.045890074108,40.045890074108,40.045890074108,40.045890074108,40.045890074108,40.045890074108,46.418774883461,46.390893858714,46.008187517554,45.824444081488,45.529181481765,45.3314758047,44.505733627362,44.33197549362,44.078976273377,44.239615319301,44.310112398596,44.387331990127,43.573282575192,42.121529526626,45.589681618167,44.70391497879,46.153993695417,47.175899816836,43.811779960994,43.811779960994,43.811779960994,43.811779960994
GWP_100_AR5_CO2,North America,Other Land,-365.63740313649,-372.91639782624,-363.42615646161,-342.2050742122,-378.83103166804,-348.33520170167,-373.75398043274,-363.29412282434,-366.49409250644,-387.09190250597,-384.34286742892,-412.31731649897,-386.12544063788,-428.20197830704,-365.33864415703,-414.72951866933,-437.97275323533,-360.15761916652,-295.46421830023,-274.53620373426,-312.29258383184,-325.96121155038,-330.10525765569,-299.74314511362,-329.41108918098,-241.15145156174,-348.03215755385,-346.30736724759,-329.04748299586,-282.57011750753,-363.17723210948,-346.63460494325,-346.63460494325
GWP_100_AR5_CO2,South-East Asia and developing Pacific,Deforestation,982.297593,982.297593,982.297593,982.297593,982.297593,982.297593,982.297593,982.297593,982.297593,982.297593,982.297593,383.311205,412.163966,383.554429,514.057248,479.076278,497.43332466667,555.83618233333,537.774293,617.71913366667,391.49231133333,409.22986,487.089735,621.098775,455.211458,957.652171,628.221266,643.610124,753.924124,616.371124,616.371124,616.371124,616.371124
GWP_100_AR5_CH4,South-East Asia and developing Pacific,Fires,66.180337076772,119.27647251033,118.50097080059,114.57120033491,69.576188333147,69.576188333147,78.972947283826,45.16552097901,104.73786045798,105.15430574269,117.15898693624,72.74072563952,186.41086081388,87.983953235484,219.80051524251,111.20203426293,234.29888304257,72.912959629942,41.417297046884,168.46217088383,58.334726284218,95.375713268806,104.67434110251,94.287344272364,215.94124229623,222.07383416359,55.183664774252,37.783964319243,92.278437544117,181.15812115391,55.706921193283,37.409691731495,21.054668318081
GWP_100_AR5_CO2,South-East Asia and developing Pacific,Fires,1.0075121409513,3.8716836479079,3.6563640025502,7.6437013748626,2.6370678246413,2.6370678246413,3.1229292943373,1.7397688605423,3.2021302464268,3.7117713516934,6.1106205934216,2.180732983236,4.07660997529,5.7924735679,8.73773398193,5.53658660644,4.79263376974,7.40891045043,1.16019630863,7.00674227259,7.52897845826,2.24014156271,5.13893746568,7.73834839208,4.75543056285,7.26527064789,4.55210336375,1.17327993985,1.69158615291,4.89733840977,3.18226032986,3.95067278985,2.45737884936
GWP_100_AR5_N2O,South-East Asia and developing Pacific,Fires,10.894335314538,15.755632949963,14.4829893039,15.317406296608,14.416620666473,14.416620666473,15.050362329021,11.090513322701,14.383616760815,10.031837977371,12.01251835604,10.844265745922,8.4956263460317,12.183978993087,20.733028981275,11.227322841307,12.243243908487,17.45259319154,9.327385909497,14.268565268878,14.109773495224,9.4066476705437,12.025291099846,9.9025173830481,12.941555917423,15.055913042727,9.4806781262517,9.4207236382269,8.1872500267883,10.860565082181,12.290760952493,9.8331952645929,5.89366148761
GWP_100_AR5_CO2,South-East Asia and developing Pacific,Forest Land,799.0438562586,794.14671067598,736.91710143159,694.53628554789,659.78075131138,645.56699800576,635.68489992918,617.27098086884,630.68302834061,620.08670126542,555.02044718177,585.03047852304,615.32682873871,619.80076076067,605.52048982075,573.24321703765,592.98541129681,615.59887581481,518.33501763569,569.46256091832,614.44264903869,616.49343585543,674.12341697063,677.32158010733,638.13395185527,575.65917145677,594.50541672185,641.88594210315,645.74506773985,652.04540751468,654.81803251529,654.81879126784,658.46925940851
GWP_100_AR5_CO2,South-East Asia and developing Pacific,Organic Soil,309.14067,309.14067,309.14067,309.14067,309.14067,309.14067,309.14067,309.14067,309.14067,309.14067,309.14067,374.34567,563.26067,381.15767,608.85467,655.33167,1354.489592,440.316514,380.880436,657.188358,413.64128,469.49928,737.76828,483.43328,974.15228,1200.64128,475.17528,397.64928,508.64128,856.32428,856.32428,856.32428,856.32428
GWP_100_AR5_CO2,South-East Asia and developing Pacific,Other Land,216.91450545455,216.91450545455,216.91450545455,216.91450545455,216.91450545455,216.91450545455,216.91450545455,1686.45996,757.45996,676.45996,-41.18004,-43.401412,-43.343784,-43.429156,-43.311528,-43.1209,-42.6829,-41.6889,-40.6309,-39.3529,-39.13245,-38.59088,-37.73877,-36.22448,-34.68421,-31.16714,-22.62483,-15.30913,-15.82813,-10.99513,-10.99513,-10.99513,-10.99513
GWP_100_AR5_CO2,Southern Asia,Deforestation,103.85945743008,103.85945743008,103.85945743008,103.85945743008,103.85945743008,93.793090444638,83.726723459199,73.660356473759,63.59398948832,53.52762250288,43.461255517441,42.606487416939,41.751500316437,40.896513215935,40.041526115434,39.185909014932,38.33005991443,37.474206813928,40.785070330914,44.095930847899,47.489844364885,42.015572,24.884355,24.920135,31.487912,35.316316,35.566316,35.566316,35.566316,35.566316,35.566316,35.566316,35.566316
GWP_100_AR5_CH4,Southern Asia,Fires,12.658909818276,13.118915755174,13.019414313279,10.764551426177,16.078886066214,16.078886066214,16.564505813739,12.355433314375,8.8943512679963,17.072812431495,14.925452579191,10.203262795604,1.6548213203217,7.3078652150067,10.006953006377,6.6508719808387,6.4704077683274,9.9903754324886,7.1695007835814,18.949952318436,15.386238468373,8.1177337045566,18.285795307937,11.793977934836,9.9866459258129,5.8703544673371,12.249083211781,13.58633475297,11.72153205563,8.1254664606993,3.1352975997703,19.152917848217,8.5997493741625
GWP_100_AR5_CO2,Southern Asia,Fires,3.3205231387082,8.3931781978217,6.854575517265,7.7325189452791,8.6494934658997,8.6494934658997,6.2168803078413,3.0790411483364,6.0564436964273,6.2283090946143,7.9454988944486,4.4896185193692,0.47456913964,2.77467566759,2.75022985362,1.83929584272,2.5675184415,2.77007462396,1.56747828445,7.62781152358,3.35905289096,1.40483055742,5.87900084913,1.65529623494,3.88620474827,1.99260437869,4.17304264613,1.66605736227,3.09694194107,3.92039977099,0.90867224954,3.10507230771,3.61079726357
GWP_100_AR5_N2O,Southern Asia,Fires,3.8529940506388,3.9352957410758,4.2092872610741,3.4449717243519,4.9998684516074,4.9998684516074,5.2615321988489,3.9751316306296,2.8187399519352,5.3949757091573,4.7732176454576,3.144118975585,0.52694889829861,2.201602772367,3.009398004118,1.9955681420366,1.9690235628637,2.9617536344234,2.0938695045528,5.6774354785733,4.4483452156009,2.4038949130309,5.4207649919066,3.4334148098535,2.9628874794485,1.7513971033916,3.6373675889254,3.962397203714,3.474954540384,2.4472911913866,0.98671085554531,5.6514191533639,2.6149787360534
GWP_100_AR5_CO2,Southern Asia,Forest Land,1168.3508227808,1180.6364042653,1196.6399670299,1205.7322016568,1211.0377858394,1181.6410350035,1178.0546783015,1189.1851925337,1198.2541014813,1204.7714621713,1211.8104903004,1302.6217192618,1312.1882296163,1308.6314259692,1313.9282111178,1319.9958893122,1333.486609402,1341.0067211436,1345.4138396649,1350.595829708,1350.3240126155,1347.2982188983,1344.466399617,1341.427470253,1338.9185243245,1324.0850184843,1322.7795275329,1315.4497271779,1309.5432845724,1303.8250404094,1296.638467006,1296.6892104316,1290.2420165002
GWP_100_AR5_CO2,Southern Asia,Other Land,-25.98013301456,-25.98013301456,-25.98013301456,-25.98013301456,-25.98013301456,-25.980133014561,-55.390266029121,-84.800399043681,-114.21053205824,-143.6206650728,-173.03079808736,-167.87289810084,-162.71499811432,-157.5570981278,-152.39919814128,-147.24129815476,-142.08339816824,-136.92549818171,-156.8797832566,-176.83406833149,-196.78835340638,-163.791,-299.968,-300.566,-246.763,-245.669,-250.335,-250.335,-250.335,-250.335,-250.335,-250.335,-250.335
,,,,,,,,,,,,,,,,,,,,,,,,,,,,,,,,,,,
GWP_100_AR5_GHG,Africa,Net,33.21361862003,7.0783500189849,118.47356286927,367.52152628463,336.83971153463,437.86656821679,542.02400599949,254.24364461375,600.24777806398,621.26901039437,947.02321331023,845.1787630432,774.82234094148,812.62964614894,768.96464305787,915.01557042722,925.41873389676,971.95514594546,1027.6611957087,1009.7167633077,1150.5606454853,1752.2756127234,1607.2419065422,1541.1881321138,1482.3511809066,1300.9316953306,1349.0806411824,1400.8288007596,1434.8439041543,1395.0180975635,1490.7040126269,1615.0896692219,1608.1657470905
GWP_100_AR5_GHG,Asia-Pacific Developed,Net,65.866122651377,88.529521813013,98.610749921575,433.01637446948,32.318129478779,9.6176982332357,-141.23615505689,-255.69692336368,-4.0452548978825,96.512959770523,361.30061807048,481.4023534807,819.1551443805,-74.440662647726,245.14853103402,-208.2918208963,393.66719825571,311.74878733538,-115.96137193015,-66.697986904087,-232.77221984495,997.23527707467,885.83194791222,-100.25507070514,138.43284597439,106.24246167033,-213.86567537638,332.38873813282,234.89526765614,162.1085903293,-163.11965036652,-197.66855608513,-139.43096941929
GWP_100_AR5_GHG,Eastern Asia,Net,-249.97426629692,-261.89107753024,-205.48313539884,-268.20297280465,-312.97886947153,-370.53137784734,-493.03105249762,-623.25951861562,-584.58887460428,-686.27796391305,-707.45900726848,-830.48605632392,-886.52177105345,-871.23875700476,-891.37688767491,-907.75032078697,-911.48046445861,-873.47663183103,-819.13639977849,-810.62979565498,-824.2574916773,-845.57381566219,-856.89452718337,-878.31122246493,-954.13425301427,-954.977844126,-916.47660922448,-900.98721518846,-889.09450821088,-897.98588739071,-902.52475494466,-519.11632122004,-597.815579709
GWP_100_AR5_GHG,Eurasia,Net,-1197.5776618387,-1125.3542188304,-1180.3652443277,-1477.4134397115,-1289.607561189,-1304.0872414949,-1419.526711227,-1557.0134863172,-1783.3446979182,-1493.4678511249,-1368.2924138988,-1761.5124946239,-1730.3187464364,-1475.2163245713,-1681.6520120371,-1693.4742602222,-1648.0405821769,-1727.7656027875,-1593.8488851063,-1841.2831170158,-1769.3105564586,-1759.7325616758,-1622.1713360115,-1778.5210999885,-1659.9769829219,-1776.4695022978,-1685.8971525049,-1791.0862320411,-1535.7303562482,-1622.5310825514,-1685.4094268882,-1595.9932735888,-1711.8622468959
GWP_100_AR5_GHG,Europe,Net,-454.33877788933,-597.98342307438,-595.3468970877,-621.48216692124,-564.19208867276,-537.23073229052,-547.37314313889,-538.19455526291,-489.59066715169,-585.55369781017,-413.77407143877,-470.77680010279,-492.6031293984,-472.2562918495,-476.28333581095,-414.23080856736,-468.29766420495,-391.67801219019,-422.41664956862,-500.1102444549,-417.24560187942,-391.79406065226,-387.51586896058,-364.22955267374,-362.70042633534,-363.24525781254,-356.08551193084,-338.84754503209,-288.59695119865,-290.25354794664,-333.15418668888,-300.19947183181,-286.71426215839
GWP_100_AR5_GHG,Latin America and Caribbean,Net,-596.81893501847,-657.52818457287,-589.98359311858,-347.32142635688,-404.34140108771,653.13095239849,41.615886235215,-279.40230150614,61.988510473418,167.97126714147,212.83418461806,127.07285646973,416.47010494724,1459.264842451,1677.3976343316,723.91526046223,417.30215671756,191.61878461018,14.059298636436,-508.06353357616,-379.14342637365,-359.3769388256,-449.23950178702,-290.05803021721,-550.23737513835,-344.19921336629,-348.88009137016,-273.99295554857,-399.0709990573,-353.73288680725,-331.7543172601,-386.17584180202,-395.86834703177
GWP_100_AR5_GHG,Middle East,Net,89.76834803913,93.858090492587,89.866527520741,90.75206341366,93.950093249952,94.189407976202,96.582329638816,91.11346941073,96.711412660758,93.797179854926,92.758900686154,93.180210795505,89.241860246884,89.500506434376,89.678681985821,89.975112088363,89.901892557702,90.287903588936,89.947894965352,90.067938149588,91.610560946535,91.068076056263,90.742127916874,90.864969910801,91.468853669044,90.728398620458,90.994860660227,90.747456072762,90.373301375095,112.82184834579,94.082511026971,90.785954238171,90.599424327618
GWP_100_AR5_GHG,North America,Net,-1507.9146322277,-1533.1746253706,-1619.7594911351,-1582.546015848,-1432.3409920427,-1397.6907278621,-1639.3141579811,-1670.5330908981,-1376.8429962004,-1604.4827337246,-1582.7481823634,-1758.4013485055,-1715.6289121737,-1772.481707374,-1675.2625329552,-1720.8135481724,-1831.3290914585,-1813.1453511303,-2036.4898108571,-2177.7110321269,-2055.8792667943,-1968.5944954072,-1976.2187842594,-1871.0176030607,-1940.4233408944,-1777.2149327726,-2009.7024282921,-1951.2192401235,-1864.6858587377,-1874.6435506361,-2006.9752226894,-1817.7218946194,-1982.4440562627
GWP_100_AR5_GHG,South-East Asia and developing Pacific,Net,2385.4788092454,2441.4032682387,2381.9101939932,2340.4213620088,2254.7633965902,2240.5496432846,2241.1839072909,3653.1650070311,2801.9048588058,2706.8828393372,1940.5607960675,1385.0516658917,1746.3907778739,1447.0441095571,1934.3921580265,1792.4962087483,2653.5601886843,1667.8371354201,1448.2637259007,1994.7546310103,1460.4172686097,1563.6541983575,1983.0812316387,1857.5573651548,2266.4517086318,2947.180500311,1744.4935789861,1716.2141840005,1994.6396154637,2310.6617061605,2187.6982489909,2167.7126250538,2149.5752420636
GWP_100_AR5_GHG,Southern Asia,Net,1266.062574204,1283.9631183749,1298.6025685371,1305.5535681682,1318.6453582386,1279.1822404173,1234.434054052,1197.4547560571,1165.4070938277,1143.3745168367,1109.8851168496,1195.1923088684,1193.8810711767,1204.2549847123,1217.3371199561,1222.4262361379,1240.7402209209,1257.2776334667,1240.1499753118,1250.112891545,1224.2191401489,1237.4492500733,1098.9683157659,1082.6642942326,1140.4791744781,1123.3466904338,1128.0703369798,1119.8958324968,1113.0680291095,1103.5495138325,1086.9004637109,1109.8299357409,1090.298857874
,,,,,,,,,,,,,,,,,,,,,,,,,,,,,,,,,,,
GWP_100_AR5_CO2,EU27,Deforestation,23.77930222535,23.721453615778,22.398643314443,24.891296197984,23.878885839285,24.132261446298,25.807505063661,27.660284708562,27.812344775783,28.598318107466,28.441169063667,30.673545624212,31.545274162645,32.9932685893,34.348722377758,35.053839974385,36.366621116788,38.127507090452,36.16795904024,37.111748147134,36.548606792301,35.148412056348,33.653611439174,42.025317788078,35.866137999106,37.85793319683,39.1533293622,33.428040748197,31.958596205008,31.549011532992,29.608412691977,29.149129558412,29.149129558412
GWP_100_AR5_CH4,EU27,Fires,2.9044598707572,1.6422326089177,1.2355124359817,0.83925322268107,2.240087588878,2.240087588878,2.5685571771573,0.84307300625718,3.6249227874356,1.1978022869691,1.8654204502007,2.5610641877336,0.4550682718666,1.0646203269534,0.23374846515888,0.88285653210636,0.40292087660664,0.67796812269424,0.27993699349672,0.20319165228292,0.22814906010932,0.69595310016484,0.97363401931516,0.2925020257824,0.25685191818524,0.23069744308772,0.35221022517044,1.666262761541,0.14631625188516,0.78486960453216,0.55504179524612,0.47472031548088,1.4145389953002
GWP_100_AR5_CO2,EU27,Fires,25.178389912964,18.841865750466,13.815667090756,9.2339432207504,23.780071988906,23.780071988906,27.516939970982,4.6272114478,37.307367778382,12.550169916479,19.457205176452,21.663244787682,2.46866143128,11.07534670403,2.05146228385,10.01982719061,4.53817773836,6.37754924789,1.51469092784,2.31500350493,2.52383314611,3.84277890896,6.69312353931,2.38855467911,2.22990924409,1.843136074,4.26888806304,18.95719922685,1.64752097563,3.67828940198,3.8116849853,5.6018383448,10.56017487741
GWP_100_AR5_N2O,EU27,Fires,1.009249050078,0.82541308167926,0.62334049083795,0.41411338806585,1.0386360620156,1.0386360620156,1.1883160808892,0.15022473072679,1.5927219917107,0.54969345747888,0.83895694823212,0.87652646861026,0.08375383693101,0.49571084095394,0.10486568861944,0.43278777172292,0.19903670239415,0.28139706616464,0.069249517857415,0.11472356457533,0.11292823805284,0.12892324447722,0.27397146720701,0.10093604229566,0.09092965322002,0.075837027118625,0.1908212488448,0.8110548834733,0.07190472430314,0.10090722454047,0.14094330247167,0.25341101586494,0.4058486610188
GWP_100_AR5_CO2,EU27,Forest Land,-444.04659985984,-563.40742029676,-559.05287009074,-568.36563620647,-518.73609835356,-485.83314771528,-502.68542238566,-469.79189540097,-471.68806089769,-449.99417761587,-390.23288468318,-433.10162963667,-424.92286591909,-396.19346597002,-378.84228105862,-326.49828852104,-370.57803700288,-307.07731100824,-379.06689373397,-446.42505185213,-350.73989383048,-347.90051042463,-350.84816276603,-340.80856351258,-341.92038165383,-326.50589950086,-313.30605639066,-305.04485147357,-251.64243330927,-244.1042158067,-270.11440417761,-231.33920185138,-220.8596416446
GWP_100_AR5_CO2,EU27,Organic Soil,93.167951069694,93.167951069694,93.167951069694,93.167951069694,93.167951069694,93.167951069694,93.167951069694,93.167951069694,93.167951069694,93.167951069694,93.167951069694,93.660561945059,93.428125163229,93.571673413199,92.939846944005,93.742644754949,95.113223419658,94.792582584838,94.771597156567,95.474504437195,94.91948282434,95.152278366566,95.52696126891,95.208931721573,95.603387978588,95.644163319003,96.26523367347,96.405760013057,96.420638447688,96.862439460485,96.862439460485,96.862439460485,96.862439460485
GWP_100_AR5_CO2,EU27,Other Land,-42.781441439812,-40.484757238653,-36.429197146985,-54.083078392029,-58.73398224147,-74.043294852338,-68.798479380306,-73.836333099102,-75.122681896533,-152.7370842932,-81.175781876551,-90.823382274241,-90.119669215487,-102.77496518489,-123.8535423926,-124.94695948377,-134.0197809795,-122.31114437799,-88.575986283084,-88.465151123889,-103.13953521002,-103.80313000742,-98.722572893281,-94.859861357047,-100.40687270984,-117.90220326007,-123.31888100856,-118.80603303371,-123.12256109218,-134.55108168115,-124.11681555509,-129.18404355451,-129.18404355451
GWP_100_AR5_GHG,EU27,Net,-340.78868917081,-465.69326140888,-464.24095283601,-493.90215749932,-433.36444804625,-415.51743441182,-421.23463240358,-417.17948353703,-383.30543439121,-466.66732707098,-327.63796385148,-374.49006889761,-387.06165226863,-359.76781128047,-373.01717769183,-311.31329178103,-367.97783812857,-289.13145127419,-334.83944638105,-399.6710316699,-319.54642897959,-316.73529475554,-312.44943392539,-295.65218261279,-308.28003757048,-308.75633570089,-296.39445482649,-272.58256687416,-244.52001779694,-245.67978026332,-263.25269749723,-228.18170671084,-211.65155364648
,,,,,,,,,,,,,,,,,,,,,,,,,,,,,,,,,,,
GWP_100_AR5_CO2,GLOBAL TOTAL,Deforestation,4697.4156509015,4534.505631819,4650.4983914657,4692.3307149217,4671.0714301929,5637.0457681404,4989.5872636715,4696.1455245005,4925.8987807942,4917.7817188532,4958.8419977701,4340.7284108006,4568.1674117851,5554.3702771471,5811.3581325566,4878.0720750214,4572.6040313752,4387.8914464589,4437.2539462681,3965.6395067726,3694.9023261776,4114.8010591865,4026.8420094824,4340.8395982688,3982.7600584244,4287.3426188942,3987.2145754938,4010.9184252601,4122.9301382223,3982.1539869182,3973.4241812076,3990.0466639708,3990.0466639708
GWP_100_AR5_CH4,GLOBAL TOTAL,Fires,627.08443605519,669.08365165094,663.60444824144,810.07186559451,653.80774972373,653.80774972373,644.07406744282,349.6162473114,695.88439999473,641.7476471065,840.6659887381,604.57581953681,678.36786761397,600.94839395205,691.17497085077,602.84162887836,680.52078382536,582.41463129601,519.92313559321,613.47468302062,552.43879696467,605.13258675433,630.22217772622,517.32373208019,588.04104725857,632.60031661901,497.89241348005,466.0262204571,569.35129740724,649.15948737002,454.7300013186,427.26645617451,398.00142896275
GWP_100_AR5_CO2,GLOBAL TOTAL,Fires,1317.9709945033,1367.704391755,1344.5347153723,1587.0442079244,1651.5650679253,1651.5650679253,1254.1105265955,717.94463953002,1283.2638107875,1410.0097836984,1883.0645016829,1372.4158925654,1580.0163617934,944.49594428347,983.87487626631,539.15185591694,1062.8322139089,918.46485523276,866.83346606566,627.14690304017,610.45738686895,1849.8760539449,1788.0215898481,669.6515588791,939.18382947471,836.56024885992,579.97604239396,1091.1220468427,1055.7016594383,923.23265697102,661.84119373235,845.2232589694,635.77945103985
GWP_100_AR5_N2O,GLOBAL TOTAL,Fires,205.82722371666,214.42976098014,222.83820449273,252.22482238462,219.77849357514,219.77849357514,227.20788755794,122.14876793223,212.44582058292,214.08381962476,269.33762888308,213.11920388165,183.17780980584,177.64761567414,189.72700461086,175.18624297347,176.18240190718,196.03603634428,163.34415925789,149.89826910224,178.03564976087,195.86476243556,199.72124647588,140.36267380284,153.3143062004,158.72486971942,150.61951642866,164.03104624861,149.46322177889,153.87033651506,154.21183277851,149.60213773249,140.28811939003
GWP_100_AR5_CO2,GLOBAL TOTAL,Forest Land,-7626.7628140663,-7679.4178676345,-7703.0049475662,-7709.0943414264,-7693.0051469729,-7512.6492273385,-7511.8824389012,-7290.604994433,-7246.5001716155,-7033.9091886172,-6948.1229600424,-6842.7659289,-6622.2528062016,-6564.9196034917,-6396.1575623283,-6303.6783435148,-6218.7164567061,-6118.6102210431,-6854.9774352514,-6923.4702549823,-6399.806518723,-6156.6272109513,-6063.034356634,-5965.0622013651,-6031.9898582986,-5923.3560491095,-5905.0343446356,-5700.3735332632,-5512.4053158465,-5560.1842411323,-5615.6709597665,-5087.8136270576,-5181.8297888027
GWP_100_AR5_CO2,GLOBAL TOTAL,Organic Soil,621.34289259483,621.34289259483,621.34289259483,621.34289259483,621.34289259483,621.34289259483,621.34289259483,621.34289259483,621.34289259483,621.34289259483,621.34289259483,691.69529696331,878.68419377546,694.18125791922,919.59010204528,964.75677526893,1663.6536940717,747.09123873908,684.52967708792,959.18097700049,715.6996678211,770.68067508403,1039.0203854714,782.7398327645,1272.5365954737,1502.3016978434,775.76073644119,699.91969718037,812.49824363535,1156.9786667585,1157.0546139376,1157.0546139376,1157.0546139376
GWP_100_AR5_CO2,GLOBAL TOTAL,Other Land,-9.1131842162918,11.252358394325,-3.2884628268423,-13.621289291196,-91.504710410663,-165.89431358913,-309.08123564633,1055.2839237131,-4.4883700794336,-311.0311464982,-1033.0408949942,-1073.8672358547,-1051.2720980675,-1059.6635396277,-991.22352408784,-1057.0626053254,-1075.6340796483,-1028.6281946003,-984.67797573899,-951.71356967407,-1103.5282567079,-1063.1173843918,-1246.967540796,-1195.9730121285,-1252.1345931776,-1141.8507068357,-1304.6969904924,-1327.7020791968,-1306.8978003296,-1260.198092501,-1349.1431856904,-1314.8366786198,-1314.8366786198
GWP_100_AR5_GHG,GLOBAL TOTAL,Net,-166.23480051121,-261.09918044023,-203.474758226,240.29887270253,33.055776628406,1104.9964310318,-84.641036685001,271.87700114907,487.84716305919,460.02552676234,592.08915463246,-694.09854100688,214.88874050478,347.06034585651,1208.3439999136,-200.73237078113,861.44258873394,-315.3402075724,-1167.7710267176,-1559.8434857202,-1751.8009478378,316.61054206221,373.825511574,-710.11781769812,-348.28861464441,352.32299599083,-1218.2680508904,-596.05817647122,-109.35855569402,45.012800899549,-563.55232248214,166.54282510748,-175.49619012138